"Name","FullName","SizeKB","SizeBytes"
"00_INDEX.md","E:\_src\C_Lang\knowledge\00_INDEX.md","110.01","112647"
"content_quality_report.md","E:\_src\C_Lang\knowledge\content_quality_report.md","22.38","22918"
"KNOWLEDGE_GRAPH.md","E:\_src\C_Lang\knowledge\KNOWLEDGE_GRAPH.md","9.93","10169"
"README.md","E:\_src\C_Lang\knowledge\README.md","63.07","64586"
"TOOLCHAIN_IMPROVEMENT_SUMMARY.md","E:\_src\C_Lang\knowledge\TOOLCHAIN_IMPROVEMENT_SUMMARY.md","6.54","6694"
"C23_to_C2y_Roadmap.md","E:\_src\C_Lang\knowledge\00_VERSION_TRACKING\C23_to_C2y_Roadmap.md","16.79","17195"
"C2y_New_Proposals_2026.md","E:\_src\C_Lang\knowledge\00_VERSION_TRACKING\C2y_New_Proposals_2026.md","7.34","7518"
"C_Standards_Roadmap.md","E:\_src\C_Lang\knowledge\00_VERSION_TRACKING\C_Standards_Roadmap.md","11.58","11861"
"Expansion_Summary_2026-03-14.md","E:\_src\C_Lang\knowledge\00_VERSION_TRACKING\Expansion_Summary_2026-03-14.md","8.4","8598"
"README.md","E:\_src\C_Lang\knowledge\00_VERSION_TRACKING\README.md","10.93","11188"
"Zig_Roadmap_Tracking.md","E:\_src\C_Lang\knowledge\00_VERSION_TRACKING\Zig_Roadmap_Tracking.md","21.22","21731"
"README.md","E:\_src\C_Lang\knowledge\00_VERSION_TRACKING\archive\README.md","0.54","553"
"README.md","E:\_src\C_Lang\knowledge\01_Core_Knowledge_System\README.md","10.33","10577"
"01_Syntax_Elements.md","E:\_src\C_Lang\knowledge\01_Core_Knowledge_System\01_Basic_Layer\01_Syntax_Elements.md","15.45","15823"
"02_Data_Type_System.md","E:\_src\C_Lang\knowledge\01_Core_Knowledge_System\01_Basic_Layer\02_Data_Type_System.md","30.53","31267"
"03_Operators_Expressions.md","E:\_src\C_Lang\knowledge\01_Core_Knowledge_System\01_Basic_Layer\03_Operators_Expressions.md","16.87","17272"
"04_Control_Flow.md","E:\_src\C_Lang\knowledge\01_Core_Knowledge_System\01_Basic_Layer\04_Control_Flow.md","17.21","17626"
"README.md","E:\_src\C_Lang\knowledge\01_Core_Knowledge_System\01_Basic_Layer\README.md","19.21","19673"
"01_Pointer_Depth.md","E:\_src\C_Lang\knowledge\01_Core_Knowledge_System\02_Core_Layer\01_Pointer_Depth.md","57.74","59124"
"01_Pointer_Multilevel_Linux.md","E:\_src\C_Lang\knowledge\01_Core_Knowledge_System\02_Core_Layer\01_Pointer_Multilevel_Linux.md","29.56","30266"
"02_Memory_Management.md","E:\_src\C_Lang\knowledge\01_Core_Knowledge_System\02_Core_Layer\02_Memory_Management.md","83.24","85234"
"03_String_Processing.md","E:\_src\C_Lang\knowledge\01_Core_Knowledge_System\02_Core_Layer\03_String_Processing.md","7.65","7837"
"04_Functions_Scope.md","E:\_src\C_Lang\knowledge\01_Core_Knowledge_System\02_Core_Layer\04_Functions_Scope.md","7.64","7825"
"05_Arrays_Pointers.md","E:\_src\C_Lang\knowledge\01_Core_Knowledge_System\02_Core_Layer\05_Arrays_Pointers.md","8.65","8861"
"README.md","E:\_src\C_Lang\knowledge\01_Core_Knowledge_System\02_Core_Layer\README.md","9.23","9448"
"01_Structures_Unions.md","E:\_src\C_Lang\knowledge\01_Core_Knowledge_System\03_Construction_Layer\01_Structures_Unions.md","6.18","6329"
"02_Preprocessor.md","E:\_src\C_Lang\knowledge\01_Core_Knowledge_System\03_Construction_Layer\02_Preprocessor.md","5.65","5789"
"03_Modularization_Linking.md","E:\_src\C_Lang\knowledge\01_Core_Knowledge_System\03_Construction_Layer\03_Modularization_Linking.md","6.85","7017"
"README.md","E:\_src\C_Lang\knowledge\01_Core_Knowledge_System\03_Construction_Layer\README.md","8.4","8602"
"01_C89_Library.md","E:\_src\C_Lang\knowledge\01_Core_Knowledge_System\04_Standard_Library_Layer\01_C89_Library.md","7.26","7435"
"02_C99_Library.md","E:\_src\C_Lang\knowledge\01_Core_Knowledge_System\04_Standard_Library_Layer\02_C99_Library.md","5.03","5154"
"03_C11_Library.md","E:\_src\C_Lang\knowledge\01_Core_Knowledge_System\04_Standard_Library_Layer\03_C11_Library.md","5.86","6002"
"04_C17_C23_Library.md","E:\_src\C_Lang\knowledge\01_Core_Knowledge_System\04_Standard_Library_Layer\04_C17_C23_Library.md","15.01","15368"
"05_C23_Standard_Library_Extensions.md","E:\_src\C_Lang\knowledge\01_Core_Knowledge_System\04_Standard_Library_Layer\05_C23_Standard_Library_Extensions.md","63.39","64912"
"10_Threads_C11.md","E:\_src\C_Lang\knowledge\01_Core_Knowledge_System\04_Standard_Library_Layer\10_Threads_C11.md","62.91","64417"
"README.md","E:\_src\C_Lang\knowledge\01_Core_Knowledge_System\04_Standard_Library_Layer\README.md","10.57","10824"
"01_stdio_File_IO.md","E:\_src\C_Lang\knowledge\01_Core_Knowledge_System\04_Standard_Library_Layer\01_Standard_IO\01_stdio_File_IO.md","7.86","8047"
"README.md","E:\_src\C_Lang\knowledge\01_Core_Knowledge_System\04_Standard_Library_Layer\01_Standard_IO\README.md","22.63","23170"
"01_stdbit_h_Complete_Reference.md","E:\_src\C_Lang\knowledge\01_Core_Knowledge_System\04_Standard_Library_Layer\C23_Standard_Library\01_stdbit_h_Complete_Reference.md","14.2","14539"
"02_stdckdint_h_Complete_Reference.md","E:\_src\C_Lang\knowledge\01_Core_Knowledge_System\04_Standard_Library_Layer\C23_Standard_Library\02_stdckdint_h_Complete_Reference.md","10.26","10505"
"README.md","E:\_src\C_Lang\knowledge\01_Core_Knowledge_System\04_Standard_Library_Layer\C23_Standard_Library\README.md","5.97","6111"
"08_Code_Review_Checklist.md","E:\_src\C_Lang\knowledge\01_Core_Knowledge_System\05_Engineering\08_Code_Review_Checklist.md","86.84","88923"
"README.md","E:\_src\C_Lang\knowledge\01_Core_Knowledge_System\05_Engineering\README.md","11.78","12062"
"01_Makefile.md","E:\_src\C_Lang\knowledge\01_Core_Knowledge_System\05_Engineering\01_Build_System\01_Makefile.md","4.35","4452"
"README.md","E:\_src\C_Lang\knowledge\01_Core_Knowledge_System\05_Engineering\01_Build_System\README.md","7.9","8086"
"01_Compilation_Build.md","E:\_src\C_Lang\knowledge\01_Core_Knowledge_System\05_Engineering_Layer\01_Compilation_Build.md","4.79","4907"
"02_Code_Quality.md","E:\_src\C_Lang\knowledge\01_Core_Knowledge_System\05_Engineering_Layer\02_Code_Quality.md","8.05","8248"
"02_Debug_Techniques.md","E:\_src\C_Lang\knowledge\01_Core_Knowledge_System\05_Engineering_Layer\02_Debug_Techniques.md","7.21","7380"
"03_Performance_Optimization.md","E:\_src\C_Lang\knowledge\01_Core_Knowledge_System\05_Engineering_Layer\03_Performance_Optimization.md","5.03","5147"
"README.md","E:\_src\C_Lang\knowledge\01_Core_Knowledge_System\05_Engineering_Layer\README.md","14.56","14910"
"01_Language_Extensions.md","E:\_src\C_Lang\knowledge\01_Core_Knowledge_System\06_Advanced_Layer\01_Language_Extensions.md","7.22","7395"
"02_Undefined_Behavior.md","E:\_src\C_Lang\knowledge\01_Core_Knowledge_System\06_Advanced_Layer\02_Undefined_Behavior.md","5.34","5467"
"03_Portability.md","E:\_src\C_Lang\knowledge\01_Core_Knowledge_System\06_Advanced_Layer\03_Portability.md","5.34","5467"
"README.md","E:\_src\C_Lang\knowledge\01_Core_Knowledge_System\06_Advanced_Layer\README.md","17.04","17447"
"01_C11_Features.md","E:\_src\C_Lang\knowledge\01_Core_Knowledge_System\07_Modern_C\01_C11_Features.md","8.39","8595"
"02_C17_C23_Features.md","E:\_src\C_Lang\knowledge\01_Core_Knowledge_System\07_Modern_C\02_C17_C23_Features.md","7.57","7751"
"03_C23_Core_Features.md","E:\_src\C_Lang\knowledge\01_Core_Knowledge_System\07_Modern_C\03_C23_Core_Features.md","19.45","19917"
"04_C23_Memory_Security.md","E:\_src\C_Lang\knowledge\01_Core_Knowledge_System\07_Modern_C\04_C23_Memory_Security.md","9.55","9783"
"README.md","E:\_src\C_Lang\knowledge\01_Core_Knowledge_System\07_Modern_C\README.md","17.08","17493"
"01_OS_Kernel.md","E:\_src\C_Lang\knowledge\01_Core_Knowledge_System\08_Application_Domains\01_OS_Kernel.md","13.42","13743"
"02_Embedded_Industrial_Advanced.md","E:\_src\C_Lang\knowledge\01_Core_Knowledge_System\08_Application_Domains\02_Embedded_Industrial_Advanced.md","63.55","65074"
"02_Embedded_Multiplatform_Protocols.md","E:\_src\C_Lang\knowledge\01_Core_Knowledge_System\08_Application_Domains\02_Embedded_Multiplatform_Protocols.md","81.82","83786"
"02_Embedded_Physical_Control.md","E:\_src\C_Lang\knowledge\01_Core_Knowledge_System\08_Application_Domains\02_Embedded_Physical_Control.md","47.23","48360"
"02_Embedded_Systems.md","E:\_src\C_Lang\knowledge\01_Core_Knowledge_System\08_Application_Domains\02_Embedded_Systems.md","10.05","10289"
"03_Infrastructure_Software.md","E:\_src\C_Lang\knowledge\01_Core_Knowledge_System\08_Application_Domains\03_Infrastructure_Software.md","21.16","21670"
"04_High_Performance_Computing.md","E:\_src\C_Lang\knowledge\01_Core_Knowledge_System\08_Application_Domains\04_High_Performance_Computing.md","8.76","8975"
"README.md","E:\_src\C_Lang\knowledge\01_Core_Knowledge_System\08_Application_Domains\README.md","8.28","8478"
"README.md","E:\_src\C_Lang\knowledge\01_Core_Knowledge_System\09_Safety_Standards\README.md","12.83","13139"
"README.md","E:\_src\C_Lang\knowledge\02_Formal_Semantics_and_Physics\README.md","10.23","10475"
"01_Operational_Semantics.md","E:\_src\C_Lang\knowledge\02_Formal_Semantics_and_Physics\00_Core_Semantics_Foundations\01_Operational_Semantics.md","50.3","51505"
"02_Denotational_Semantics.md","E:\_src\C_Lang\knowledge\02_Formal_Semantics_and_Physics\00_Core_Semantics_Foundations\02_Denotational_Semantics.md","9.46","9691"
"03_Axiomatic_Semantics_Hoare.md","E:\_src\C_Lang\knowledge\02_Formal_Semantics_and_Physics\00_Core_Semantics_Foundations\03_Axiomatic_Semantics_Hoare.md","8.82","9036"
"04_C_Type_Theory.md","E:\_src\C_Lang\knowledge\02_Formal_Semantics_and_Physics\00_Core_Semantics_Foundations\04_C_Type_Theory.md","12.57","12874"
"05_Undefined_Behavior_Semantics.md","E:\_src\C_Lang\knowledge\02_Formal_Semantics_and_Physics\00_Core_Semantics_Foundations\05_Undefined_Behavior_Semantics.md","10.68","10934"
"README.md","E:\_src\C_Lang\knowledge\02_Formal_Semantics_and_Physics\00_Core_Semantics_Foundations\README.md","6.77","6931"
"01_Game_Semantics_Theory.md","E:\_src\C_Lang\knowledge\02_Formal_Semantics_and_Physics\01_Game_Semantics\01_Game_Semantics_Theory.md","14.39","14731"
"02_C11_Memory_Model.md","E:\_src\C_Lang\knowledge\02_Formal_Semantics_and_Physics\01_Game_Semantics\02_C11_Memory_Model.md","15.35","15714"
"README.md","E:\_src\C_Lang\knowledge\02_Formal_Semantics_and_Physics\01_Game_Semantics\README.md","17.45","17870"
"01_Coalgebraic_Theory.md","E:\_src\C_Lang\knowledge\02_Formal_Semantics_and_Physics\02_Coalgebraic_Methods\01_Coalgebraic_Theory.md","13.49","13812"
"02_Bisimulation.md","E:\_src\C_Lang\knowledge\02_Formal_Semantics_and_Physics\02_Coalgebraic_Methods\02_Bisimulation.md","17.82","18246"
"README.md","E:\_src\C_Lang\knowledge\02_Formal_Semantics_and_Physics\02_Coalgebraic_Methods\README.md","10.83","11095"
"01_Linear_Logic_Theory.md","E:\_src\C_Lang\knowledge\02_Formal_Semantics_and_Physics\03_Linear_Logic\01_Linear_Logic_Theory.md","11.88","12169"
"02_Resource_Types.md","E:\_src\C_Lang\knowledge\02_Formal_Semantics_and_Physics\03_Linear_Logic\02_Resource_Types.md","12.7","13007"
"README.md","E:\_src\C_Lang\knowledge\02_Formal_Semantics_and_Physics\03_Linear_Logic\README.md","25.67","26284"
"01_Mental_Models.md","E:\_src\C_Lang\knowledge\02_Formal_Semantics_and_Physics\04_Cognitive_Representation\01_Mental_Models.md","11.25","11524"
"02_Embodied_Cognition.md","E:\_src\C_Lang\knowledge\02_Formal_Semantics_and_Physics\04_Cognitive_Representation\02_Embodied_Cognition.md","12.5","12801"
"README.md","E:\_src\C_Lang\knowledge\02_Formal_Semantics_and_Physics\04_Cognitive_Representation\README.md","32.3","33072"
"01_Quantum_Computing_Interface.md","E:\_src\C_Lang\knowledge\02_Formal_Semantics_and_Physics\05_Quantum_Random_Computing\01_Quantum_Computing_Interface.md","14.1","14443"
"02_Randomized_Algorithms.md","E:\_src\C_Lang\knowledge\02_Formal_Semantics_and_Physics\05_Quantum_Random_Computing\02_Randomized_Algorithms.md","13.27","13585"
"README.md","E:\_src\C_Lang\knowledge\02_Formal_Semantics_and_Physics\05_Quantum_Random_Computing\README.md","19.05","19506"
"01_Compilation_Functor.md","E:\_src\C_Lang\knowledge\02_Formal_Semantics_and_Physics\06_C_Assembly_Mapping\01_Compilation_Functor.md","9.13","9353"
"02_Control_Flow_Graph.md","E:\_src\C_Lang\knowledge\02_Formal_Semantics_and_Physics\06_C_Assembly_Mapping\02_Control_Flow_Graph.md","9.3","9524"
"03_Activation_Record.md","E:\_src\C_Lang\knowledge\02_Formal_Semantics_and_Physics\06_C_Assembly_Mapping\03_Activation_Record.md","12.58","12880"
"README.md","E:\_src\C_Lang\knowledge\02_Formal_Semantics_and_Physics\06_C_Assembly_Mapping\README.md","14.01","14342"
"01_Cycle_Accurate_Semantics.md","E:\_src\C_Lang\knowledge\02_Formal_Semantics_and_Physics\07_Microarchitecture\01_Cycle_Accurate_Semantics.md","6.02","6166"
"02_Speculative_Execution.md","E:\_src\C_Lang\knowledge\02_Formal_Semantics_and_Physics\07_Microarchitecture\02_Speculative_Execution.md","11.52","11795"
"README.md","E:\_src\C_Lang\knowledge\02_Formal_Semantics_and_Physics\07_Microarchitecture\README.md","27.44","28096"
"01_Relocation_Group_Theory.md","E:\_src\C_Lang\knowledge\02_Formal_Semantics_and_Physics\08_Linking_Loading_Topology\01_Relocation_Group_Theory.md","12.93","13240"
"02_Dynamic_Linking_Category.md","E:\_src\C_Lang\knowledge\02_Formal_Semantics_and_Physics\08_Linking_Loading_Topology\02_Dynamic_Linking_Category.md","13.23","13551"
"README.md","E:\_src\C_Lang\knowledge\02_Formal_Semantics_and_Physics\08_Linking_Loading_Topology\README.md","36.37","37243"
"01_CPU_Microarchitecture_Detail.md","E:\_src\C_Lang\knowledge\02_Formal_Semantics_and_Physics\09_Physical_Machine_Layer\01_CPU_Microarchitecture_Detail.md","24.87","25464"
"01_Digital_Logic_Gates.md","E:\_src\C_Lang\knowledge\02_Formal_Semantics_and_Physics\09_Physical_Machine_Layer\01_Digital_Logic_Gates.md","16.55","16946"
"05_Modern_CPU_Architectures_2024.md","E:\_src\C_Lang\knowledge\02_Formal_Semantics_and_Physics\09_Physical_Machine_Layer\05_Modern_CPU_Architectures_2024.md","18.59","19037"
"README.md","E:\_src\C_Lang\knowledge\02_Formal_Semantics_and_Physics\09_Physical_Machine_Layer\README.md","11.8","12087"
"01_Instruction_Set_Architecture.md","E:\_src\C_Lang\knowledge\02_Formal_Semantics_and_Physics\10_ISA_Machine_Code\01_Instruction_Set_Architecture.md","16.2","16589"
"README.md","E:\_src\C_Lang\knowledge\02_Formal_Semantics_and_Physics\10_ISA_Machine_Code\README.md","15.04","15398"
"01_Compcert_Overview.md","E:\_src\C_Lang\knowledge\02_Formal_Semantics_and_Physics\11_CompCert_Verification\01_Compcert_Overview.md","31.63","32390"
"02_VST_Separation_Logic_Practical.md","E:\_src\C_Lang\knowledge\02_Formal_Semantics_and_Physics\11_CompCert_Verification\02_VST_Separation_Logic_Practical.md","20.13","20614"
"04_Frama_C_Integration.md","E:\_src\C_Lang\knowledge\02_Formal_Semantics_and_Physics\11_CompCert_Verification\04_Frama_C_Integration.md","5.76","5896"
"README.md","E:\_src\C_Lang\knowledge\02_Formal_Semantics_and_Physics\11_CompCert_Verification\README.md","13.31","13633"
"01_Memory_Safety_Proof.md","E:\_src\C_Lang\knowledge\02_Formal_Semantics_and_Physics\11_CompCert_Verification\05_Practical_Verification_Cases\01_Memory_Safety_Proof.md","4.16","4260"
"README.md","E:\_src\C_Lang\knowledge\02_Formal_Semantics_and_Physics\11_CompCert_Verification\05_Practical_Verification_Cases\README.md","9.21","9432"
"README.md","E:\_src\C_Lang\knowledge\02_Formal_Semantics_and_Physics\11_CompCert_Verification\06_Coq_Examples\README.md","0.88","896"
"04_Auto_Vectorization.md","E:\_src\C_Lang\knowledge\02_Formal_Semantics_and_Physics\12_Compiler_Optimization\04_Auto_Vectorization.md","3.74","3826"
"README.md","E:\_src\C_Lang\knowledge\02_Formal_Semantics_and_Physics\12_Compiler_Optimization\README.md","14.51","14857"
"02_Cbindgen_Usage.md","E:\_src\C_Lang\knowledge\03_System_Technology_Domains\02_Cbindgen_Usage.md","32.8","33585"
"03_Edge_Detection.md","E:\_src\C_Lang\knowledge\03_System_Technology_Domains\03_Edge_Detection.md","15.78","16163"
"03_Hardware_Acceleration.md","E:\_src\C_Lang\knowledge\03_System_Technology_Domains\03_Hardware_Acceleration.md","39.51","40454"
"03_HSM_Integration.md","E:\_src\C_Lang\knowledge\03_System_Technology_Domains\03_HSM_Integration.md","44.06","45115"
"03_JIT_Regex.md","E:\_src\C_Lang\knowledge\03_System_Technology_Domains\03_JIT_Regex.md","10.5","10755"
"03_Measured_Boot.md","E:\_src\C_Lang\knowledge\03_System_Technology_Domains\03_Measured_Boot.md","25.99","26617"
"03_Multi_Raft.md","E:\_src\C_Lang\knowledge\03_System_Technology_Domains\03_Multi_Raft.md","31.25","32004"
"03_RDMA_Connection.md","E:\_src\C_Lang\knowledge\03_System_Technology_Domains\03_RDMA_Connection.md","24.5","25085"
"03_Unsafe_Rust_Patterns.md","E:\_src\C_Lang\knowledge\03_System_Technology_Domains\03_Unsafe_Rust_Patterns.md","14.81","15163"
"03_Zigbee_Stack.md","E:\_src\C_Lang\knowledge\03_System_Technology_Domains\03_Zigbee_Stack.md","59.55","60975"
"04_Garbage_Collection.md","E:\_src\C_Lang\knowledge\03_System_Technology_Domains\04_Garbage_Collection.md","4.89","5006"
"07_Atomic_Operations.md","E:\_src\C_Lang\knowledge\03_System_Technology_Domains\07_Atomic_Operations.md","5.53","5667"
"README.md","E:\_src\C_Lang\knowledge\03_System_Technology_Domains\README.md","8.42","8624"
"01_Bytecode_VM.md","E:\_src\C_Lang\knowledge\03_System_Technology_Domains\01_Virtual_Machine_Interpreter\01_Bytecode_VM.md","10.69","10946"
"02_Register_VM.md","E:\_src\C_Lang\knowledge\03_System_Technology_Domains\01_Virtual_Machine_Interpreter\02_Register_VM.md","12.16","12454"
"03_JIT_Compilation.md","E:\_src\C_Lang\knowledge\03_System_Technology_Domains\01_Virtual_Machine_Interpreter\03_JIT_Compilation.md","16.36","16756"
"README.md","E:\_src\C_Lang\knowledge\03_System_Technology_Domains\01_Virtual_Machine_Interpreter\README.md","49.31","50490"
"01_NFA_Implementation.md","E:\_src\C_Lang\knowledge\03_System_Technology_Domains\02_Regex_Engine\01_NFA_Implementation.md","18.6","19050"
"01_Thompson_NFA.md","E:\_src\C_Lang\knowledge\03_System_Technology_Domains\02_Regex_Engine\01_Thompson_NFA.md","7.73","7918"
"02_Pike_VM.md","E:\_src\C_Lang\knowledge\03_System_Technology_Domains\02_Regex_Engine\02_Pike_VM.md","8.09","8289"
"README.md","E:\_src\C_Lang\knowledge\03_System_Technology_Domains\02_Regex_Engine\README.md","47.62","48768"
"01_V4L2_Capture.md","E:\_src\C_Lang\knowledge\03_System_Technology_Domains\03_Computer_Vision\01_V4L2_Capture.md","11.78","12065"
"02_Optical_Flow.md","E:\_src\C_Lang\knowledge\03_System_Technology_Domains\03_Computer_Vision\02_Optical_Flow.md","14.9","15254"
"03_Edge_Detection.md","E:\_src\C_Lang\knowledge\03_System_Technology_Domains\03_Computer_Vision\03_Edge_Detection.md","20.33","20817"
"README.md","E:\_src\C_Lang\knowledge\03_System_Technology_Domains\03_Computer_Vision\README.md","18.15","18586"
"01_H264_Decoding.md","E:\_src\C_Lang\knowledge\03_System_Technology_Domains\04_Video_Codec\01_H264_Decoding.md","12.23","12519"
"02_Custom_IO.md","E:\_src\C_Lang\knowledge\03_System_Technology_Domains\04_Video_Codec\02_Custom_IO.md","15.71","16090"
"03_Hardware_Acceleration.md","E:\_src\C_Lang\knowledge\03_System_Technology_Domains\04_Video_Codec\03_Hardware_Acceleration.md","20.15","20629"
"README.md","E:\_src\C_Lang\knowledge\03_System_Technology_Domains\04_Video_Codec\README.md","19.49","19961"
"01_BLE_GATT.md","E:\_src\C_Lang\knowledge\03_System_Technology_Domains\05_Wireless_Protocol\01_BLE_GATT.md","15.21","15576"
"02_LoRa_SX1276.md","E:\_src\C_Lang\knowledge\03_System_Technology_Domains\05_Wireless_Protocol\02_LoRa_SX1276.md","15.29","15652"
"03_Zigbee_Stack.md","E:\_src\C_Lang\knowledge\03_System_Technology_Domains\05_Wireless_Protocol\03_Zigbee_Stack.md","24.93","25533"
"README.md","E:\_src\C_Lang\knowledge\03_System_Technology_Domains\05_Wireless_Protocol\README.md","9.4","9623"
"01_ARM_Trusted_Firmware.md","E:\_src\C_Lang\knowledge\03_System_Technology_Domains\06_Security_Boot\01_ARM_Trusted_Firmware.md","12.71","13010"
"02_Secure_Boot_Chain.md","E:\_src\C_Lang\knowledge\03_System_Technology_Domains\06_Security_Boot\02_Secure_Boot_Chain.md","13","13307"
"03_Measured_Boot.md","E:\_src\C_Lang\knowledge\03_System_Technology_Domains\06_Security_Boot\03_Measured_Boot.md","19.17","19632"
"README.md","E:\_src\C_Lang\knowledge\03_System_Technology_Domains\06_Security_Boot\README.md","23.17","23725"
"01_TPM2_TSS.md","E:\_src\C_Lang\knowledge\03_System_Technology_Domains\07_Hardware_Security\01_TPM2_TSS.md","16.13","16519"
"02_Key_Sealing.md","E:\_src\C_Lang\knowledge\03_System_Technology_Domains\07_Hardware_Security\02_Key_Sealing.md","17.88","18309"
"02_Secure_Element.md","E:\_src\C_Lang\knowledge\03_System_Technology_Domains\07_Hardware_Security\02_Secure_Element.md","22.18","22716"
"03_HSM_Integration.md","E:\_src\C_Lang\knowledge\03_System_Technology_Domains\07_Hardware_Security\03_HSM_Integration.md","52.89","54160"
"README.md","E:\_src\C_Lang\knowledge\03_System_Technology_Domains\07_Hardware_Security\README.md","25.95","26568"
"01_Raft_Core.md","E:\_src\C_Lang\knowledge\03_System_Technology_Domains\08_Distributed_Consensus\01_Raft_Core.md","10.58","10837"
"02_Leader_Election.md","E:\_src\C_Lang\knowledge\03_System_Technology_Domains\08_Distributed_Consensus\02_Leader_Election.md","18.47","18916"
"02_Paxos_Implementation.md","E:\_src\C_Lang\knowledge\03_System_Technology_Domains\08_Distributed_Consensus\02_Paxos_Implementation.md","23.43","23988"
"README.md","E:\_src\C_Lang\knowledge\03_System_Technology_Domains\08_Distributed_Consensus\README.md","38.58","39504"
"01_LockFree_Ring_Log.md","E:\_src\C_Lang\knowledge\03_System_Technology_Domains\09_High_Performance_Log\01_LockFree_Ring_Log.md","15.4","15765"
"02_Structured_Binary_Log.md","E:\_src\C_Lang\knowledge\03_System_Technology_Domains\09_High_Performance_Log\02_Structured_Binary_Log.md","16.84","17243"
"03_Lockless_Ring_Buffer_SPSC_MPMC.md","E:\_src\C_Lang\knowledge\03_System_Technology_Domains\09_High_Performance_Log\03_Lockless_Ring_Buffer_SPSC_MPMC.md","9.96","10203"
"README.md","E:\_src\C_Lang\knowledge\03_System_Technology_Domains\09_High_Performance_Log\README.md","24.46","25046"
"01_B_Tree_Index.md","E:\_src\C_Lang\knowledge\03_System_Technology_Domains\11_In_Memory_Database\01_B_Tree_Index.md","58.51","59916"
"01_RESP_Protocol.md","E:\_src\C_Lang\knowledge\03_System_Technology_Domains\11_In_Memory_Database\01_RESP_Protocol.md","16.59","16985"
"02_LRU_Cache.md","E:\_src\C_Lang\knowledge\03_System_Technology_Domains\11_In_Memory_Database\02_LRU_Cache.md","12.91","13223"
"02_LSM_Tree.md","E:\_src\C_Lang\knowledge\03_System_Technology_Domains\11_In_Memory_Database\02_LSM_Tree.md","30.69","31423"
"03_Hash_Index.md","E:\_src\C_Lang\knowledge\03_System_Technology_Domains\11_In_Memory_Database\03_Hash_Index.md","4.49","4601"
"README.md","E:\_src\C_Lang\knowledge\03_System_Technology_Domains\11_In_Memory_Database\README.md","7.6","7786"
"01_PMDK_Basics.md","E:\_src\C_Lang\knowledge\03_System_Technology_Domains\12_Persistent_Memory\01_PMDK_Basics.md","11.12","11391"
"02_PM_Optimized_DataStructures.md","E:\_src\C_Lang\knowledge\03_System_Technology_Domains\12_Persistent_Memory\02_PM_Optimized_DataStructures.md","13.44","13763"
"README.md","E:\_src\C_Lang\knowledge\03_System_Technology_Domains\12_Persistent_Memory\README.md","29.8","30518"
"01_Verbs_API.md","E:\_src\C_Lang\knowledge\03_System_Technology_Domains\13_RDMA_Network\01_Verbs_API.md","13.85","14187"
"01_Verbs_API_Detailed.md","E:\_src\C_Lang\knowledge\03_System_Technology_Domains\13_RDMA_Network\01_Verbs_API_Detailed.md","69.87","71543"
"02_One_Sided_RDMA.md","E:\_src\C_Lang\knowledge\03_System_Technology_Domains\13_RDMA_Network\02_One_Sided_RDMA.md","13.2","13514"
"README.md","E:\_src\C_Lang\knowledge\03_System_Technology_Domains\13_RDMA_Network\README.md","9.61","9843"
"01_POSIX_Threads.md","E:\_src\C_Lang\knowledge\03_System_Technology_Domains\14_Concurrency_Parallelism\01_POSIX_Threads.md","85","87041"
"README.md","E:\_src\C_Lang\knowledge\03_System_Technology_Domains\14_Concurrency_Parallelism\README.md","31.82","32581"
"01_Socket_Programming.md","E:\_src\C_Lang\knowledge\03_System_Technology_Domains\15_Network_Programming\01_Socket_Programming.md","161.42","165292"
"README.md","E:\_src\C_Lang\knowledge\03_System_Technology_Domains\15_Network_Programming\README.md","43.83","44883"
"01_C_ABI_Basics.md","E:\_src\C_Lang\knowledge\03_System_Technology_Domains\16_Rust_Interoperability\01_C_ABI_Basics.md","8.77","8977"
"01_Rust_Call_C.md","E:\_src\C_Lang\knowledge\03_System_Technology_Domains\16_Rust_Interoperability\01_Rust_Call_C.md","10.13","10370"
"02_C_Call_Rust.md","E:\_src\C_Lang\knowledge\03_System_Technology_Domains\16_Rust_Interoperability\02_C_Call_Rust.md","12.53","12831"
"README.md","E:\_src\C_Lang\knowledge\03_System_Technology_Domains\16_Rust_Interoperability\README.md","20.42","20911"
"01_GPU_Memory_Management.md","E:\_src\C_Lang\knowledge\03_System_Technology_Domains\17_Graphics_Rendering\01_GPU_Memory_Management.md","6.06","6209"
"README.md","E:\_src\C_Lang\knowledge\03_System_Technology_Domains\17_Graphics_Rendering\README.md","1.62","1663"
"README.md","E:\_src\C_Lang\knowledge\04_Industrial_Scenarios\README.md","6.42","6576"
"01_ABS_System.md","E:\_src\C_Lang\knowledge\04_Industrial_Scenarios\01_Automotive_ABS\01_ABS_System.md","135.95","139217"
"02_Hard_RealTime.md","E:\_src\C_Lang\knowledge\04_Industrial_Scenarios\01_Automotive_ABS\02_Hard_RealTime.md","23.96","24540"
"README.md","E:\_src\C_Lang\knowledge\04_Industrial_Scenarios\01_Automotive_ABS\README.md","53.1","54378"
"01_CAN_Bus_Protocol.md","E:\_src\C_Lang\knowledge\04_Industrial_Scenarios\02_Automotive_ECU\01_CAN_Bus_Protocol.md","22.42","22961"
"02_Autosar_Architecture.md","E:\_src\C_Lang\knowledge\04_Industrial_Scenarios\02_Automotive_ECU\02_Autosar_Architecture.md","25.82","26440"
"03_Functional_Safety.md","E:\_src\C_Lang\knowledge\04_Industrial_Scenarios\02_Automotive_ECU\03_Functional_Safety.md","20.21","20693"
"04_OBD_Diagnostics.md","E:\_src\C_Lang\knowledge\04_Industrial_Scenarios\02_Automotive_ECU\04_OBD_Diagnostics.md","15.66","16032"
"README.md","E:\_src\C_Lang\knowledge\04_Industrial_Scenarios\02_Automotive_ECU\README.md","36.32","37195"
"01_ARINC_429.md","E:\_src\C_Lang\knowledge\04_Industrial_Scenarios\02_Avionics_Systems\01_ARINC_429.md","22.02","22547"
"02_DO_178C.md","E:\_src\C_Lang\knowledge\04_Industrial_Scenarios\02_Avionics_Systems\02_DO_178C.md","28.15","28827"
"03_Flight_Control.md","E:\_src\C_Lang\knowledge\04_Industrial_Scenarios\02_Avionics_Systems\03_Flight_Control.md","4.58","4689"
"README.md","E:\_src\C_Lang\knowledge\04_Industrial_Scenarios\02_Avionics_Systems\README.md","80.9","82843"
"01_DPDK_Network_Stack.md","E:\_src\C_Lang\knowledge\04_Industrial_Scenarios\03_High_Frequency_Trading\01_DPDK_Network_Stack.md","16.19","16580"
"02_Cache_Line_Optimization.md","E:\_src\C_Lang\knowledge\04_Industrial_Scenarios\03_High_Frequency_Trading\02_Cache_Line_Optimization.md","13.59","13920"
"02_Lock_Free_Queues.md","E:\_src\C_Lang\knowledge\04_Industrial_Scenarios\03_High_Frequency_Trading\02_Lock_Free_Queues.md","24.89","25492"
"03_Kernel_Bypass.md","E:\_src\C_Lang\knowledge\04_Industrial_Scenarios\03_High_Frequency_Trading\03_Kernel_Bypass.md","4.12","4214"
"README.md","E:\_src\C_Lang\knowledge\04_Industrial_Scenarios\03_High_Frequency_Trading\README.md","30.6","31330"
"01_SIMD_Vectorization.md","E:\_src\C_Lang\knowledge\04_Industrial_Scenarios\04_5G_Baseband\01_SIMD_Vectorization.md","8.18","8372"
"02_DMA_Offload.md","E:\_src\C_Lang\knowledge\04_Industrial_Scenarios\04_5G_Baseband\02_DMA_Offload.md","72.88","74634"
"03_MIMO_Detection.md","E:\_src\C_Lang\knowledge\04_Industrial_Scenarios\04_5G_Baseband\03_MIMO_Detection.md","4.63","4743"
"README.md","E:\_src\C_Lang\knowledge\04_Industrial_Scenarios\04_5G_Baseband\README.md","27.06","27714"
"01_ECS_Architecture.md","E:\_src\C_Lang\knowledge\04_Industrial_Scenarios\05_Game_Engine\01_ECS_Architecture.md","11.79","12068"
"01_GPU_Memory_Management.md","E:\_src\C_Lang\knowledge\04_Industrial_Scenarios\05_Game_Engine\01_GPU_Memory_Management.md","10.51","10762"
"02_Atomic_Operations.md","E:\_src\C_Lang\knowledge\04_Industrial_Scenarios\05_Game_Engine\02_Atomic_Operations.md","10.43","10678"
"README.md","E:\_src\C_Lang\knowledge\04_Industrial_Scenarios\05_Game_Engine\README.md","37.89","38797"
"01_Quantum_Classical_Interface.md","E:\_src\C_Lang\knowledge\04_Industrial_Scenarios\06_Quantum_Computing\01_Quantum_Classical_Interface.md","30.06","30785"
"01_Quantum_Simulation_C.md","E:\_src\C_Lang\knowledge\04_Industrial_Scenarios\06_Quantum_Computing\01_Quantum_Simulation_C.md","11.9","12181"
"02_Surface_Code_Decoder.md","E:\_src\C_Lang\knowledge\04_Industrial_Scenarios\06_Quantum_Computing\02_Surface_Code_Decoder.md","24.65","25245"
"03_Shor_Algorithm.md","E:\_src\C_Lang\knowledge\04_Industrial_Scenarios\06_Quantum_Computing\03_Shor_Algorithm.md","22.6","23147"
"README.md","E:\_src\C_Lang\knowledge\04_Industrial_Scenarios\06_Quantum_Computing\README.md","45.25","46339"
"01_SNN_Control.md","E:\_src\C_Lang\knowledge\04_Industrial_Scenarios\08_Neuromorphic\01_SNN_Control.md","17.32","17739"
"01_SNN_Simulation.md","E:\_src\C_Lang\knowledge\04_Industrial_Scenarios\08_Neuromorphic\01_SNN_Simulation.md","4.5","4611"
"02_STDP_Learning.md","E:\_src\C_Lang\knowledge\04_Industrial_Scenarios\08_Neuromorphic\02_STDP_Learning.md","16.16","16552"
"README.md","E:\_src\C_Lang\knowledge\04_Industrial_Scenarios\08_Neuromorphic\README.md","10.94","11203"
"01_Acoustic_Modem.md","E:\_src\C_Lang\knowledge\04_Industrial_Scenarios\10_Deep_Sea\01_Acoustic_Modem.md","14.01","14343"
"02_Energy_Aware_Scheduling.md","E:\_src\C_Lang\knowledge\04_Industrial_Scenarios\10_Deep_Sea\02_Energy_Aware_Scheduling.md","11.9","12188"
"README.md","E:\_src\C_Lang\knowledge\04_Industrial_Scenarios\10_Deep_Sea\README.md","16.04","16430"
"01_DNA_Synthesis.md","E:\_src\C_Lang\knowledge\04_Industrial_Scenarios\10_DNA_Storage\01_DNA_Synthesis.md","26.73","27367"
"02_Error_Correction_Coding.md","E:\_src\C_Lang\knowledge\04_Industrial_Scenarios\10_DNA_Storage\02_Error_Correction_Coding.md","23.75","24319"
"README.md","E:\_src\C_Lang\knowledge\04_Industrial_Scenarios\10_DNA_Storage\README.md","14.29","14632"
"01_Cryo_Serial_Interface.md","E:\_src\C_Lang\knowledge\04_Industrial_Scenarios\11_Cryogenic_Superconducting\01_Cryo_Serial_Interface.md","11.02","11283"
"02_Subthreshold_Optimization.md","E:\_src\C_Lang\knowledge\04_Industrial_Scenarios\11_Cryogenic_Superconducting\02_Subthreshold_Optimization.md","14.23","14574"
"README.md","E:\_src\C_Lang\knowledge\04_Industrial_Scenarios\11_Cryogenic_Superconducting\README.md","16.02","16407"
"01_EDAC_Memory.md","E:\_src\C_Lang\knowledge\04_Industrial_Scenarios\11_Space_Computing\01_EDAC_Memory.md","13.37","13692"
"01_Radiation_Hardening.md","E:\_src\C_Lang\knowledge\04_Industrial_Scenarios\11_Space_Computing\01_Radiation_Hardening.md","10.14","10385"
"01_SNN_Simulation.md","E:\_src\C_Lang\knowledge\04_Industrial_Scenarios\11_Space_Computing\01_SNN_Simulation.md","27.28","27937"
"02_TMR_Voting.md","E:\_src\C_Lang\knowledge\04_Industrial_Scenarios\11_Space_Computing\02_TMR_Voting.md","13.63","13954"
"README.md","E:\_src\C_Lang\knowledge\04_Industrial_Scenarios\11_Space_Computing\README.md","16.12","16504"
"01_Cryptographic_Primitives.md","E:\_src\C_Lang\knowledge\04_Industrial_Scenarios\12_Blockchain_Crypto\01_Cryptographic_Primitives.md","20.97","21477"
"02_Blockchain_Basics.md","E:\_src\C_Lang\knowledge\04_Industrial_Scenarios\12_Blockchain_Crypto\02_Blockchain_Basics.md","15.24","15605"
"README.md","E:\_src\C_Lang\knowledge\04_Industrial_Scenarios\12_Blockchain_Crypto\README.md","1.2","1224"
"01_Page_Table_Operations.md","E:\_src\C_Lang\knowledge\04_Industrial_Scenarios\13_Linux_Kernel\01_Page_Table_Operations.md","14.52","14872"
"02_Cache_Coherence.md","E:\_src\C_Lang\knowledge\04_Industrial_Scenarios\13_Linux_Kernel\02_Cache_Coherence.md","25.63","26243"
"README.md","E:\_src\C_Lang\knowledge\04_Industrial_Scenarios\13_Linux_Kernel\README.md","37.03","37921"
"01_Complexity_Classes.md","E:\_src\C_Lang\knowledge\05_Deep_Structure_MetaPhysics\01_Complexity_Classes.md","10.56","10811"
"02_Isabelle_HOL.md","E:\_src\C_Lang\knowledge\05_Deep_Structure_MetaPhysics\02_Isabelle_HOL.md","7.26","7433"
"02_P_vs_NP.md","E:\_src\C_Lang\knowledge\05_Deep_Structure_MetaPhysics\02_P_vs_NP.md","13.17","13491"
"03_Algorithm_Lower_Bounds.md","E:\_src\C_Lang\knowledge\05_Deep_Structure_MetaPhysics\03_Algorithm_Lower_Bounds.md","15.24","15604"
"03_Binary_Translation.md","E:\_src\C_Lang\knowledge\05_Deep_Structure_MetaPhysics\03_Binary_Translation.md","21.01","21519"
"03_CBMC_Model_Checking.md","E:\_src\C_Lang\knowledge\05_Deep_Structure_MetaPhysics\03_CBMC_Model_Checking.md","14.09","14426"
"03_Homotopy_Type_Theory.md","E:\_src\C_Lang\knowledge\05_Deep_Structure_MetaPhysics\03_Homotopy_Type_Theory.md","8.16","8357"
"04_Dependent_Types.md","E:\_src\C_Lang\knowledge\05_Deep_Structure_MetaPhysics\04_Dependent_Types.md","11.65","11933"
"04_Sandboxing.md","E:\_src\C_Lang\knowledge\05_Deep_Structure_MetaPhysics\04_Sandboxing.md","35.62","36478"
"04_Semantic_Equivalence.md","E:\_src\C_Lang\knowledge\05_Deep_Structure_MetaPhysics\04_Semantic_Equivalence.md","11","11267"
"05_Type_Semantics.md","E:\_src\C_Lang\knowledge\05_Deep_Structure_MetaPhysics\05_Type_Semantics.md","10.67","10925"
"README.md","E:\_src\C_Lang\knowledge\05_Deep_Structure_MetaPhysics\README.md","6.65","6814"
"01_Operational_Semantics.md","E:\_src\C_Lang\knowledge\05_Deep_Structure_MetaPhysics\01_Formal_Semantics\01_Operational_Semantics.md","6.91","7077"
"02_Axiomatic_Semantics.md","E:\_src\C_Lang\knowledge\05_Deep_Structure_MetaPhysics\01_Formal_Semantics\02_Axiomatic_Semantics.md","10.39","10639"
"03_Denotational_Semantics.md","E:\_src\C_Lang\knowledge\05_Deep_Structure_MetaPhysics\01_Formal_Semantics\03_Denotational_Semantics.md","15.4","15770"
"04_Mathematical_Foundations.md","E:\_src\C_Lang\knowledge\05_Deep_Structure_MetaPhysics\01_Formal_Semantics\04_Mathematical_Foundations.md","13.8","14130"
"05_Axiomatic_Semantics_Detailed.md","E:\_src\C_Lang\knowledge\05_Deep_Structure_MetaPhysics\01_Formal_Semantics\05_Axiomatic_Semantics_Detailed.md","12.64","12945"
"06_Operational_Semantics_Formal.md","E:\_src\C_Lang\knowledge\05_Deep_Structure_MetaPhysics\01_Formal_Semantics\06_Operational_Semantics_Formal.md","15.43","15801"
"07_C_Language_Formal_Specification.md","E:\_src\C_Lang\knowledge\05_Deep_Structure_MetaPhysics\01_Formal_Semantics\07_C_Language_Formal_Specification.md","18.32","18757"
"README.md","E:\_src\C_Lang\knowledge\05_Deep_Structure_MetaPhysics\01_Formal_Semantics\README.md","14.87","15227"
"01_Type_Algebra.md","E:\_src\C_Lang\knowledge\05_Deep_Structure_MetaPhysics\02_Algebraic_Topology\01_Type_Algebra.md","4.56","4667"
"02_Cartesian_Closed_Categories.md","E:\_src\C_Lang\knowledge\05_Deep_Structure_MetaPhysics\02_Algebraic_Topology\02_Cartesian_Closed_Categories.md","18.55","18996"
"03_Homotopy_Type_Theory.md","E:\_src\C_Lang\knowledge\05_Deep_Structure_MetaPhysics\02_Algebraic_Topology\03_Homotopy_Type_Theory.md","11.88","12160"
"README.md","E:\_src\C_Lang\knowledge\05_Deep_Structure_MetaPhysics\02_Algebraic_Topology\README.md","16.46","16856"
"01_Coq_Verification.md","E:\_src\C_Lang\knowledge\05_Deep_Structure_MetaPhysics\03_Verification_Energy\01_Coq_Verification.md","19.81","20287"
"04_Separation_Logic.md","E:\_src\C_Lang\knowledge\05_Deep_Structure_MetaPhysics\03_Verification_Energy\04_Separation_Logic.md","27.81","28481"
"README.md","E:\_src\C_Lang\knowledge\05_Deep_Structure_MetaPhysics\03_Verification_Energy\README.md","25.97","26598"
"01_WP_Energy_Landscape.md","E:\_src\C_Lang\knowledge\05_Deep_Structure_MetaPhysics\04_Formal_Verification_Energy\01_WP_Energy_Landscape.md","18.16","18593"
"02_Separation_Logic_Entropy.md","E:\_src\C_Lang\knowledge\05_Deep_Structure_MetaPhysics\04_Formal_Verification_Energy\02_Separation_Logic_Entropy.md","14.61","14964"
"README.md","E:\_src\C_Lang\knowledge\05_Deep_Structure_MetaPhysics\04_Formal_Verification_Energy\README.md","31.93","32693"
"01_Complexity_Classes.md","E:\_src\C_Lang\knowledge\05_Deep_Structure_MetaPhysics\05_Computational_Complexity\01_Complexity_Classes.md","12.61","12916"
"README.md","E:\_src\C_Lang\knowledge\05_Deep_Structure_MetaPhysics\05_Computational_Complexity\README.md","1.72","1766"
"01_Malloc_Physics.md","E:\_src\C_Lang\knowledge\05_Deep_Structure_MetaPhysics\06_Standard_Library_Physics\01_Malloc_Physics.md","18.59","19037"
"02_Memcpy_SIMD.md","E:\_src\C_Lang\knowledge\05_Deep_Structure_MetaPhysics\06_Standard_Library_Physics\02_Memcpy_SIMD.md","17.77","18200"
"03_Qsort_Branch_Prediction.md","E:\_src\C_Lang\knowledge\05_Deep_Structure_MetaPhysics\06_Standard_Library_Physics\03_Qsort_Branch_Prediction.md","19.94","20415"
"README.md","E:\_src\C_Lang\knowledge\05_Deep_Structure_MetaPhysics\06_Standard_Library_Physics\README.md","31.9","32663"
"01_Turing_Machines.md","E:\_src\C_Lang\knowledge\05_Deep_Structure_MetaPhysics\07_Computability_Theory\01_Turing_Machines.md","14.01","14346"
"README.md","E:\_src\C_Lang\knowledge\05_Deep_Structure_MetaPhysics\07_Computability_Theory\README.md","27.73","28399"
"01_GDB_Debugging.md","E:\_src\C_Lang\knowledge\05_Deep_Structure_MetaPhysics\08_Debugging_Tools\01_GDB_Debugging.md","4.83","4944"
"02_Valgrind_Memory.md","E:\_src\C_Lang\knowledge\05_Deep_Structure_MetaPhysics\08_Debugging_Tools\02_Valgrind_Memory.md","3.38","3463"
"README.md","E:\_src\C_Lang\knowledge\05_Deep_Structure_MetaPhysics\08_Debugging_Tools\README.md","23.37","23935"
"01_Relocation_Group_Action.md","E:\_src\C_Lang\knowledge\05_Deep_Structure_MetaPhysics\09_Linking_Algebraic_Topology\01_Relocation_Group_Action.md","15.79","16170"
"02_Homology_Groups.md","E:\_src\C_Lang\knowledge\05_Deep_Structure_MetaPhysics\09_Linking_Algebraic_Topology\02_Homology_Groups.md","17.37","17787"
"README.md","E:\_src\C_Lang\knowledge\05_Deep_Structure_MetaPhysics\09_Linking_Algebraic_Topology\README.md","15.71","16090"
"01_DWARF_Deserialization.md","E:\_src\C_Lang\knowledge\05_Deep_Structure_MetaPhysics\10_Debug_Info_Encoding\01_DWARF_Deserialization.md","36.32","37189"
"02_CFI_Stack_Reconstruction.md","E:\_src\C_Lang\knowledge\05_Deep_Structure_MetaPhysics\10_Debug_Info_Encoding\02_CFI_Stack_Reconstruction.md","26.13","26761"
"README.md","E:\_src\C_Lang\knowledge\05_Deep_Structure_MetaPhysics\10_Debug_Info_Encoding\README.md","21.25","21759"
"01_CUDA_Unified_Memory.md","E:\_src\C_Lang\knowledge\05_Deep_Structure_MetaPhysics\11_Heterogeneous_Memory\01_CUDA_Unified_Memory.md","17.17","17582"
"02_OpenMP_Offload.md","E:\_src\C_Lang\knowledge\05_Deep_Structure_MetaPhysics\11_Heterogeneous_Memory\02_OpenMP_Offload.md","20.46","20948"
"README.md","E:\_src\C_Lang\knowledge\05_Deep_Structure_MetaPhysics\11_Heterogeneous_Memory\README.md","21.42","21929"
"01_JIT_Basics.md","E:\_src\C_Lang\knowledge\05_Deep_Structure_MetaPhysics\12_Self_Modifying_Code\01_JIT_Basics.md","20.59","21083"
"02_Tracing_JIT.md","E:\_src\C_Lang\knowledge\05_Deep_Structure_MetaPhysics\12_Self_Modifying_Code\02_Tracing_JIT.md","19","19459"
"README.md","E:\_src\C_Lang\knowledge\05_Deep_Structure_MetaPhysics\12_Self_Modifying_Code\README.md","18.02","18454"
"01_Von_Neumann_Reflectivity.md","E:\_src\C_Lang\knowledge\05_Deep_Structure_MetaPhysics\13_Self_Modifying_Code\01_Von_Neumann_Reflectivity.md","16.18","16564"
"02_JIT_Physical_Constraints.md","E:\_src\C_Lang\knowledge\05_Deep_Structure_MetaPhysics\13_Self_Modifying_Code\02_JIT_Physical_Constraints.md","22.22","22751"
"README.md","E:\_src\C_Lang\knowledge\05_Deep_Structure_MetaPhysics\13_Self_Modifying_Code\README.md","28.71","29398"
"README.md","E:\_src\C_Lang\knowledge\06_Thinking_Representation\README.md","8.6","8804"
"01_Memory_Leak_Diagnosis.md","E:\_src\C_Lang\knowledge\06_Thinking_Representation\01_Decision_Trees\01_Memory_Leak_Diagnosis.md","19.54","20004"
"02_Segfault_Troubleshooting.md","E:\_src\C_Lang\knowledge\06_Thinking_Representation\01_Decision_Trees\02_Segfault_Troubleshooting.md","16.72","17126"
"03_Performance_Bottleneck.md","E:\_src\C_Lang\knowledge\06_Thinking_Representation\01_Decision_Trees\03_Performance_Bottleneck.md","23.95","24527"
"04_Compilation_Error.md","E:\_src\C_Lang\knowledge\06_Thinking_Representation\01_Decision_Trees\04_Compilation_Error.md","3.36","3438"
"05_Concurrency_Debug.md","E:\_src\C_Lang\knowledge\06_Thinking_Representation\01_Decision_Trees\05_Concurrency_Debug.md","4.19","4289"
"06_Pointer_Usage_Decision_Tree.md","E:\_src\C_Lang\knowledge\06_Thinking_Representation\01_Decision_Trees\06_Pointer_Usage_Decision_Tree.md","9.16","9381"
"07_Memory_Allocation_Decision_Tree.md","E:\_src\C_Lang\knowledge\06_Thinking_Representation\01_Decision_Trees\07_Memory_Allocation_Decision_Tree.md","12.3","12600"
"08_Type_Conversion_Decision_Tree.md","E:\_src\C_Lang\knowledge\06_Thinking_Representation\01_Decision_Trees\08_Type_Conversion_Decision_Tree.md","13.87","14202"
"09_Concurrency_Model_Decision_Tree.md","E:\_src\C_Lang\knowledge\06_Thinking_Representation\01_Decision_Trees\09_Concurrency_Model_Decision_Tree.md","15.88","16256"
"10_Compilation_Error_Diagnosis_Tree.md","E:\_src\C_Lang\knowledge\06_Thinking_Representation\01_Decision_Trees\10_Compilation_Error_Diagnosis_Tree.md","17.38","17798"
"README.md","E:\_src\C_Lang\knowledge\06_Thinking_Representation\01_Decision_Trees\README.md","34.27","35093"
"01_Knowledge_System_MindMap.md","E:\_src\C_Lang\knowledge\06_Thinking_Representation\01_Mind_Maps\01_Knowledge_System_MindMap.md","19.25","19707"
"README.md","E:\_src\C_Lang\knowledge\06_Thinking_Representation\01_Mind_Maps\README.md","58.51","59914"
"01_Pointer_Types_Matrix.md","E:\_src\C_Lang\knowledge\06_Thinking_Representation\02_Comparison_Matrices\01_Pointer_Types_Matrix.md","6.68","6837"
"01_Type_Storage_Matrix.md","E:\_src\C_Lang\knowledge\06_Thinking_Representation\02_Comparison_Matrices\01_Type_Storage_Matrix.md","22.84","23390"
"02_Memory_Models_Matrix.md","E:\_src\C_Lang\knowledge\06_Thinking_Representation\02_Comparison_Matrices\02_Memory_Models_Matrix.md","9.42","9646"
"02_Synchronization_Matrix.md","E:\_src\C_Lang\knowledge\06_Thinking_Representation\02_Comparison_Matrices\02_Synchronization_Matrix.md","39.09","40025"
"03_IO_Methods_Matrix.md","E:\_src\C_Lang\knowledge\06_Thinking_Representation\02_Comparison_Matrices\03_IO_Methods_Matrix.md","3.79","3884"
"03_Storage_Duration_Matrix.md","E:\_src\C_Lang\knowledge\06_Thinking_Representation\02_Comparison_Matrices\03_Storage_Duration_Matrix.md","10.23","10475"
"04_Memory_Allocation_Matrix.md","E:\_src\C_Lang\knowledge\06_Thinking_Representation\02_Comparison_Matrices\04_Memory_Allocation_Matrix.md","4.42","4522"
"04_Type_Qualifiers_Matrix.md","E:\_src\C_Lang\knowledge\06_Thinking_Representation\02_Comparison_Matrices\04_Type_Qualifiers_Matrix.md","9.98","10217"
"05_Compiler_Optimization_Matrix.md","E:\_src\C_Lang\knowledge\06_Thinking_Representation\02_Comparison_Matrices\05_Compiler_Optimization_Matrix.md","4.88","4994"
"05_Optimization_Levels_Matrix.md","E:\_src\C_Lang\knowledge\06_Thinking_Representation\02_Comparison_Matrices\05_Optimization_Levels_Matrix.md","9.87","10108"
"README.md","E:\_src\C_Lang\knowledge\06_Thinking_Representation\02_Comparison_Matrices\README.md","15.33","15695"
"01_Standards_Comparison_Matrix.md","E:\_src\C_Lang\knowledge\06_Thinking_Representation\02_Multidimensional_Matrix\01_Standards_Comparison_Matrix.md","78.15","80022"
"README.md","E:\_src\C_Lang\knowledge\06_Thinking_Representation\02_Multidimensional_Matrix\README.md","25.17","25774"
"01_Learning_Path_Decision_Tree.md","E:\_src\C_Lang\knowledge\06_Thinking_Representation\03_Decision_Trees\01_Learning_Path_Decision_Tree.md","9.93","10164"
"README.md","E:\_src\C_Lang\knowledge\06_Thinking_Representation\03_Decision_Trees\README.md","33.16","33951"
"02_Memory_Model_Map.md","E:\_src\C_Lang\knowledge\06_Thinking_Representation\03_Mind_Maps\02_Memory_Model_Map.md","42.5","43518"
"03_Pointer_Concepts_Map.md","E:\_src\C_Lang\knowledge\06_Thinking_Representation\03_Mind_Maps\03_Pointer_Concepts_Map.md","6.51","6669"
"04_Concurrent_Programming_Map.md","E:\_src\C_Lang\knowledge\06_Thinking_Representation\03_Mind_Maps\04_Concurrent_Programming_Map.md","8.88","9090"
"README.md","E:\_src\C_Lang\knowledge\06_Thinking_Representation\03_Mind_Maps\README.md","11.19","11461"
"01_Industry_Application_Scenario_Tree.md","E:\_src\C_Lang\knowledge\06_Thinking_Representation\04_Application_Scenario_Trees\01_Industry_Application_Scenario_Tree.md","8.17","8370"
"README.md","E:\_src\C_Lang\knowledge\06_Thinking_Representation\04_Application_Scenario_Trees\README.md","13.82","14155"
"01_Network_Server.md","E:\_src\C_Lang\knowledge\06_Thinking_Representation\04_Case_Studies\01_Network_Server.md","26.67","27312"
"02_Database_Engine.md","E:\_src\C_Lang\knowledge\06_Thinking_Representation\04_Case_Studies\02_Database_Engine.md","41.27","42263"
"03_Operating_System.md","E:\_src\C_Lang\knowledge\06_Thinking_Representation\04_Case_Studies\03_Operating_System.md","41.33","42318"
"04_Compiler_Frontend.md","E:\_src\C_Lang\knowledge\06_Thinking_Representation\04_Case_Studies\04_Compiler_Frontend.md","17.36","17775"
"05_Embedded_Firmware.md","E:\_src\C_Lang\knowledge\06_Thinking_Representation\04_Case_Studies\05_Embedded_Firmware.md","20.9","21400"
"06_Embedded_System_Design.md","E:\_src\C_Lang\knowledge\06_Thinking_Representation\04_Case_Studies\06_Embedded_System_Design.md","3.98","4071"
"07_Performance_Optimization.md","E:\_src\C_Lang\knowledge\06_Thinking_Representation\04_Case_Studies\07_Performance_Optimization.md","10.84","11096"
"README.md","E:\_src\C_Lang\knowledge\06_Thinking_Representation\04_Case_Studies\README.md","27.59","28251"
"01_Pointer_Memory_Mapping.md","E:\_src\C_Lang\knowledge\06_Thinking_Representation\05_Concept_Mappings\01_Pointer_Memory_Mapping.md","14.86","15214"
"02_Compiler_Phases_Map.md","E:\_src\C_Lang\knowledge\06_Thinking_Representation\05_Concept_Mappings\02_Compiler_Phases_Map.md","23.42","23982"
"02_Type_System_Matrix.md","E:\_src\C_Lang\knowledge\06_Thinking_Representation\05_Concept_Mappings\02_Type_System_Matrix.md","11.46","11731"
"03_Concurrency_Safety_Layers.md","E:\_src\C_Lang\knowledge\06_Thinking_Representation\05_Concept_Mappings\03_Concurrency_Safety_Layers.md","11.12","11391"
"03_Pointer_Concepts_Map.md","E:\_src\C_Lang\knowledge\06_Thinking_Representation\05_Concept_Mappings\03_Pointer_Concepts_Map.md","4.93","5045"
"04_Concurrent_Programming_Map.md","E:\_src\C_Lang\knowledge\06_Thinking_Representation\05_Concept_Mappings\04_Concurrent_Programming_Map.md","4.21","4312"
"04_Storage_Duration_Lifetime.md","E:\_src\C_Lang\knowledge\06_Thinking_Representation\05_Concept_Mappings\04_Storage_Duration_Lifetime.md","5.86","5997"
"05_C_Language_Knowledge_Graph.md","E:\_src\C_Lang\knowledge\06_Thinking_Representation\05_Concept_Mappings\05_C_Language_Knowledge_Graph.md","11.25","11522"
"06_Standards_Mapping.md","E:\_src\C_Lang\knowledge\06_Thinking_Representation\05_Concept_Mappings\06_Standards_Mapping.md","11.95","12234"
"07_Topic_Dependency_Graph.md","E:\_src\C_Lang\knowledge\06_Thinking_Representation\05_Concept_Mappings\07_Topic_Dependency_Graph.md","5.89","6031"
"README.md","E:\_src\C_Lang\knowledge\06_Thinking_Representation\05_Concept_Mappings\README.md","27.56","28221"
"01_Core_Concepts_Index.md","E:\_src\C_Lang\knowledge\06_Thinking_Representation\06_Index\01_Core_Concepts_Index.md","10.63","10886"
"02_Keywords_Index.md","E:\_src\C_Lang\knowledge\06_Thinking_Representation\06_Index\02_Keywords_Index.md","14.47","14817"
"03_Design_Patterns_Index.md","E:\_src\C_Lang\knowledge\06_Thinking_Representation\06_Index\03_Design_Patterns_Index.md","15.69","16070"
"README.md","E:\_src\C_Lang\knowledge\06_Thinking_Representation\06_Index\README.md","1.04","1064"
"01_Beginner_to_Advanced.md","E:\_src\C_Lang\knowledge\06_Thinking_Representation\06_Learning_Paths\01_Beginner_to_Advanced.md","25.72","26341"
"02_Intermediate_Learning_Path.md","E:\_src\C_Lang\knowledge\06_Thinking_Representation\06_Learning_Paths\02_Intermediate_Learning_Path.md","19.22","19682"
"03_Advanced_Learning_Path.md","E:\_src\C_Lang\knowledge\06_Thinking_Representation\06_Learning_Paths\03_Advanced_Learning_Path.md","24.95","25545"
"04_Specialization_Paths.md","E:\_src\C_Lang\knowledge\06_Thinking_Representation\06_Learning_Paths\04_Specialization_Paths.md","18.26","18696"
"05_Interview_Preparation_Path.md","E:\_src\C_Lang\knowledge\06_Thinking_Representation\06_Learning_Paths\05_Interview_Preparation_Path.md","23.21","23765"
"README.md","E:\_src\C_Lang\knowledge\06_Thinking_Representation\06_Learning_Paths\README.md","46.55","47672"
"01_Knowledge_Graph.md","E:\_src\C_Lang\knowledge\06_Thinking_Representation\07_Knowledge_Graph\01_Knowledge_Graph.md","18.74","19185"
"02_Learning_Paths.md","E:\_src\C_Lang\knowledge\06_Thinking_Representation\07_Knowledge_Graph\02_Learning_Paths.md","13.69","14018"
"02_Pointer_Knowledge_Graph.md","E:\_src\C_Lang\knowledge\06_Thinking_Representation\07_Knowledge_Graph\02_Pointer_Knowledge_Graph.md","6.86","7028"
"03_Memory_Knowledge_Graph.md","E:\_src\C_Lang\knowledge\06_Thinking_Representation\07_Knowledge_Graph\03_Memory_Knowledge_Graph.md","9.29","9508"
"03_Prerequisite_Chains.md","E:\_src\C_Lang\knowledge\06_Thinking_Representation\07_Knowledge_Graph\03_Prerequisite_Chains.md","28.25","28926"
"04_Type_System_Knowledge_Graph.md","E:\_src\C_Lang\knowledge\06_Thinking_Representation\07_Knowledge_Graph\04_Type_System_Knowledge_Graph.md","10.46","10711"
"05_Concurrency_Knowledge_Graph.md","E:\_src\C_Lang\knowledge\06_Thinking_Representation\07_Knowledge_Graph\05_Concurrency_Knowledge_Graph.md","13.62","13943"
"README.md","E:\_src\C_Lang\knowledge\06_Thinking_Representation\07_Knowledge_Graph\README.md","23.63","24197"
"01_Global_Index.md","E:\_src\C_Lang\knowledge\06_Thinking_Representation\08_Index\01_Global_Index.md","23.68","24253"
"README.md","E:\_src\C_Lang\knowledge\06_Thinking_Representation\08_Index\README.md","23.79","24360"
"COMPLETION_REPORT.md","E:\_src\C_Lang\knowledge\07_Modern_Toolchain\COMPLETION_REPORT.md","8.8","9014"
"MASTER_PLAN.md","E:\_src\C_Lang\knowledge\07_Modern_Toolchain\MASTER_PLAN.md","9.31","9531"
"README.md","E:\_src\C_Lang\knowledge\07_Modern_Toolchain\README.md","10.05","10287"
"SUSTAINABLE_ROADMAP.md","E:\_src\C_Lang\knowledge\07_Modern_Toolchain\SUSTAINABLE_ROADMAP.md","10.28","10522"
"01_VS_Code_Setup.md","E:\_src\C_Lang\knowledge\07_Modern_Toolchain\01_IDE_Editors\01_VS_Code_Setup.md","5.57","5703"
"02_Neovim_Modern.md","E:\_src\C_Lang\knowledge\07_Modern_Toolchain\01_IDE_Editors\02_Neovim_Modern.md","9.04","9253"
"03_CLion_Guide.md","E:\_src\C_Lang\knowledge\07_Modern_Toolchain\01_IDE_Editors\03_CLion_Guide.md","11.68","11964"
"04_Zed_Editor.md","E:\_src\C_Lang\knowledge\07_Modern_Toolchain\01_IDE_Editors\04_Zed_Editor.md","6.65","6809"
"05_Emacs_Config.md","E:\_src\C_Lang\knowledge\07_Modern_Toolchain\01_IDE_Editors\05_Emacs_Config.md","7.57","7750"
"06_IDE_Comparison_Matrix.md","E:\_src\C_Lang\knowledge\07_Modern_Toolchain\01_IDE_Editors\06_IDE_Comparison_Matrix.md","5.99","6133"
"README.md","E:\_src\C_Lang\knowledge\07_Modern_Toolchain\01_IDE_Editors\README.md","12.25","12546"
"01_CMake_Modern_Best_Practices.md","E:\_src\C_Lang\knowledge\07_Modern_Toolchain\02_Build_Systems_Modern\01_CMake_Modern_Best_Practices.md","8.08","8278"
"02_Meson_Build.md","E:\_src\C_Lang\knowledge\07_Modern_Toolchain\02_Build_Systems_Modern\02_Meson_Build.md","15.24","15609"
"03_Xmake_Guide.md","E:\_src\C_Lang\knowledge\07_Modern_Toolchain\02_Build_Systems_Modern\03_Xmake_Guide.md","53.63","54916"
"04_Bazel_C_Projects.md","E:\_src\C_Lang\knowledge\07_Modern_Toolchain\02_Build_Systems_Modern\04_Bazel_C_Projects.md","20.32","20803"
"05_Build_System_Comparison.md","E:\_src\C_Lang\knowledge\07_Modern_Toolchain\02_Build_Systems_Modern\05_Build_System_Comparison.md","10.65","10907"
"README.md","E:\_src\C_Lang\knowledge\07_Modern_Toolchain\02_Build_Systems_Modern\README.md","15.41","15781"
"01_GitHub_Actions_C.md","E:\_src\C_Lang\knowledge\07_Modern_Toolchain\03_CI_CD_DevOps\01_GitHub_Actions_C.md","9.34","9560"
"02_Docker_C_Development.md","E:\_src\C_Lang\knowledge\07_Modern_Toolchain\03_CI_CD_DevOps\02_Docker_C_Development.md","18.83","19278"
"03_GitLab_CI_C.md","E:\_src\C_Lang\knowledge\07_Modern_Toolchain\03_CI_CD_DevOps\03_GitLab_CI_C.md","3.24","3317"
"04_DevSecOps_Integration.md","E:\_src\C_Lang\knowledge\07_Modern_Toolchain\03_CI_CD_DevOps\04_DevSecOps_Integration.md","20.01","20488"
"README.md","E:\_src\C_Lang\knowledge\07_Modern_Toolchain\03_CI_CD_DevOps\README.md","35.08","35924"
"README.md","E:\_src\C_Lang\knowledge\07_Modern_Toolchain\03_CI_CD_DevOps\05_CI_CD_Templates\README.md","14.3","14642"
"01_Conan_Package_Manager.md","E:\_src\C_Lang\knowledge\07_Modern_Toolchain\04_Package_Management\01_Conan_Package_Manager.md","10","10244"
"02_vcpkg_Guide.md","E:\_src\C_Lang\knowledge\07_Modern_Toolchain\04_Package_Management\02_vcpkg_Guide.md","9.89","10127"
"03_xrepo_Xmake.md","E:\_src\C_Lang\knowledge\07_Modern_Toolchain\04_Package_Management\03_xrepo_Xmake.md","10.04","10281"
"04_Dependency_Management_Best_Practices.md","E:\_src\C_Lang\knowledge\07_Modern_Toolchain\04_Package_Management\04_Dependency_Management_Best_Practices.md","4.14","4243"
"README.md","E:\_src\C_Lang\knowledge\07_Modern_Toolchain\04_Package_Management\README.md","12.64","12941"
"01_Redis_Architecture.md","E:\_src\C_Lang\knowledge\07_Modern_Toolchain\05_Case_Studies\01_Redis_Architecture.md","30.84","31581"
"02_SQLite_Engineering.md","E:\_src\C_Lang\knowledge\07_Modern_Toolchain\05_Case_Studies\02_SQLite_Engineering.md","43.61","44659"
"03_Nginx_Build_System.md","E:\_src\C_Lang\knowledge\07_Modern_Toolchain\05_Case_Studies\03_Nginx_Build_System.md","8.27","8471"
"04_Linux_Kernel_Toolchain.md","E:\_src\C_Lang\knowledge\07_Modern_Toolchain\05_Case_Studies\04_Linux_Kernel_Toolchain.md","20.12","20601"
"README.md","E:\_src\C_Lang\knowledge\07_Modern_Toolchain\05_Case_Studies\README.md","13.03","13338"
"01_clang_format_Setup.md","E:\_src\C_Lang\knowledge\07_Modern_Toolchain\05_Code_Quality_Toolchain\01_clang_format_Setup.md","22","22532"
"02_Static_Analysis_Deep_Dive.md","E:\_src\C_Lang\knowledge\07_Modern_Toolchain\05_Code_Quality_Toolchain\02_Static_Analysis_Deep_Dive.md","20.68","21179"
"03_Testing_Frameworks.md","E:\_src\C_Lang\knowledge\07_Modern_Toolchain\05_Code_Quality_Toolchain\03_Testing_Frameworks.md","4.14","4242"
"04_Code_Coverage_Guide.md","E:\_src\C_Lang\knowledge\07_Modern_Toolchain\05_Code_Quality_Toolchain\04_Code_Coverage_Guide.md","19.72","20194"
"05_Code_Review_Automation.md","E:\_src\C_Lang\knowledge\07_Modern_Toolchain\05_Code_Quality_Toolchain\05_Code_Review_Automation.md","10.92","11179"
"README.md","E:\_src\C_Lang\knowledge\07_Modern_Toolchain\05_Code_Quality_Toolchain\README.md","17.1","17514"
"01_Modern_C_Project_Template.md","E:\_src\C_Lang\knowledge\07_Modern_Toolchain\06_Project_Templates\01_Modern_C_Project_Template.md","3.67","3756"
"README.md","E:\_src\C_Lang\knowledge\07_Modern_Toolchain\06_Project_Templates\README.md","26.31","26944"
"01_C11_Memory_Model.md","E:\_src\C_Lang\knowledge\07_Modern_Toolchain\07_Concurrency_Parallelism\01_C11_Memory_Model.md","20.17","20654"
"02_Lock_Free_Programming.md","E:\_src\C_Lang\knowledge\07_Modern_Toolchain\07_Concurrency_Parallelism\02_Lock_Free_Programming.md","28.91","29605"
"03_Actor_Model_C.md","E:\_src\C_Lang\knowledge\07_Modern_Toolchain\07_Concurrency_Parallelism\03_Actor_Model_C.md","29.27","29968"
"04_CSP_Model_C.md","E:\_src\C_Lang\knowledge\07_Modern_Toolchain\07_Concurrency_Parallelism\04_CSP_Model_C.md","22.42","22960"
"05_Thread_Pool_Patterns.md","E:\_src\C_Lang\knowledge\07_Modern_Toolchain\07_Concurrency_Parallelism\05_Thread_Pool_Patterns.md","11.71","11991"
"06_Coroutine_Fiber.md","E:\_src\C_Lang\knowledge\07_Modern_Toolchain\07_Concurrency_Parallelism\06_Coroutine_Fiber.md","13.28","13597"
"README.md","E:\_src\C_Lang\knowledge\07_Modern_Toolchain\07_Concurrency_Parallelism\README.md","11.62","11894"
"01_Creational_Patterns.md","E:\_src\C_Lang\knowledge\07_Modern_Toolchain\08_Design_Patterns\01_Creational_Patterns.md","12.5","12795"
"02_Structural_Patterns.md","E:\_src\C_Lang\knowledge\07_Modern_Toolchain\08_Design_Patterns\02_Structural_Patterns.md","14.26","14605"
"03_Behavioral_Patterns.md","E:\_src\C_Lang\knowledge\07_Modern_Toolchain\08_Design_Patterns\03_Behavioral_Patterns.md","4.23","4334"
"README.md","E:\_src\C_Lang\knowledge\07_Modern_Toolchain\08_Design_Patterns\README.md","39.88","40842"
"01_Microkernel_Architecture.md","E:\_src\C_Lang\knowledge\07_Modern_Toolchain\09_System_Architecture\01_Microkernel_Architecture.md","26.27","26905"
"02_Event_Driven_Architecture.md","E:\_src\C_Lang\knowledge\07_Modern_Toolchain\09_System_Architecture\02_Event_Driven_Architecture.md","15.13","15490"
"README.md","E:\_src\C_Lang\knowledge\07_Modern_Toolchain\09_System_Architecture\README.md","24.24","24817"
"01_Consensus_Algorithms.md","E:\_src\C_Lang\knowledge\07_Modern_Toolchain\10_Distributed_Systems\01_Consensus_Algorithms.md","7.6","7782"
"02_Circuit_Breaker.md","E:\_src\C_Lang\knowledge\07_Modern_Toolchain\10_Distributed_Systems\02_Circuit_Breaker.md","12.39","12686"
"README.md","E:\_src\C_Lang\knowledge\07_Modern_Toolchain\10_Distributed_Systems\README.md","33.93","34744"
"01_State_Machine_Patterns.md","E:\_src\C_Lang\knowledge\07_Modern_Toolchain\11_Workflow_StateMachines\01_State_Machine_Patterns.md","6.04","6186"
"02_Rule_Engine.md","E:\_src\C_Lang\knowledge\07_Modern_Toolchain\11_Workflow_StateMachines\02_Rule_Engine.md","10.9","11160"
"README.md","E:\_src\C_Lang\knowledge\07_Modern_Toolchain\11_Workflow_StateMachines\README.md","38.95","39887"
"01_C11_to_C23.md","E:\_src\C_Lang\knowledge\07_Modern_Toolchain\12_Modern_C_Standards\01_C11_to_C23.md","20.04","20525"
"README.md","E:\_src\C_Lang\knowledge\07_Modern_Toolchain\12_Modern_C_Standards\README.md","13.25","13563"
"01_High_Performance_Server.md","E:\_src\C_Lang\knowledge\07_Modern_Toolchain\13_Comprehensive_Examples\01_High_Performance_Server.md","11.21","11483"
"README.md","E:\_src\C_Lang\knowledge\07_Modern_Toolchain\13_Comprehensive_Examples\README.md","26.76","27402"
"01_Zig_C_Interoperability.md","E:\_src\C_Lang\knowledge\07_Modern_Toolchain\13_Zig_C_Interop\01_Zig_C_Interoperability.md","31.54","32300"
"README.md","E:\_src\C_Lang\knowledge\07_Modern_Toolchain\13_Zig_C_Interop\README.md","5.31","5434"
"README.md","E:\_src\C_Lang\knowledge\08_Zig_C_Connection\README.md","13.61","13935"
"01_C_to_Zig_Type_Correspondence.md","E:\_src\C_Lang\knowledge\08_Zig_C_Connection\01_Type_System_Mapping\01_C_to_Zig_Type_Correspondence.md","35.77","36629"
"02_Extern_Struct_Equivalence.md","E:\_src\C_Lang\knowledge\08_Zig_C_Connection\01_Type_System_Mapping\02_Extern_Struct_Equivalence.md","105.64","108180"
"03_Function_Pointer_Compatibility.md","E:\_src\C_Lang\knowledge\08_Zig_C_Connection\01_Type_System_Mapping\03_Function_Pointer_Compatibility.md","23.04","23591"
"README.md","E:\_src\C_Lang\knowledge\08_Zig_C_Connection\01_Type_System_Mapping\README.md","16.43","16826"
"01_C11_vs_Zig_Memory_Model.md","E:\_src\C_Lang\knowledge\08_Zig_C_Connection\02_Memory_Model_Bridge\01_C11_vs_Zig_Memory_Model.md","113.06","115771"
"02_Atomic_Operations_Mapping.md","E:\_src\C_Lang\knowledge\08_Zig_C_Connection\02_Memory_Model_Bridge\02_Atomic_Operations_Mapping.md","35.12","35966"
"03_Pointer_Provenance_Analysis.md","E:\_src\C_Lang\knowledge\08_Zig_C_Connection\02_Memory_Model_Bridge\03_Pointer_Provenance_Analysis.md","90.3","92467"
"README.md","E:\_src\C_Lang\knowledge\08_Zig_C_Connection\02_Memory_Model_Bridge\README.md","8.33","8530"
"01_System_V_ABI_Zig_C.md","E:\_src\C_Lang\knowledge\08_Zig_C_Connection\03_ABI_Formalization\01_System_V_ABI_Zig_C.md","135.11","138348"
"02_Windows_ABI_Compatibility.md","E:\_src\C_Lang\knowledge\08_Zig_C_Connection\03_ABI_Formalization\02_Windows_ABI_Compatibility.md","43.12","44152"
"03_Calling_Convention_Proofs.md","E:\_src\C_Lang\knowledge\08_Zig_C_Connection\03_ABI_Formalization\03_Calling_Convention_Proofs.md","50.01","51209"
"README.md","E:\_src\C_Lang\knowledge\08_Zig_C_Connection\03_ABI_Formalization\README.md","12.98","13292"
"01_Translate_C_Semantics.md","E:\_src\C_Lang\knowledge\08_Zig_C_Connection\04_Translation_Validation\01_Translate_C_Semantics.md","80.38","82307"
"02_CImport_Correctness.md","E:\_src\C_Lang\knowledge\08_Zig_C_Connection\04_Translation_Validation\02_CImport_Correctness.md","20.75","21247"
"03_Semantic_Preservation_Proofs.md","E:\_src\C_Lang\knowledge\08_Zig_C_Connection\04_Translation_Validation\03_Semantic_Preservation_Proofs.md","28.52","29201"
"README.md","E:\_src\C_Lang\knowledge\08_Zig_C_Connection\04_Translation_Validation\README.md","14.03","14371"
"01_Incremental_Migration_Patterns.md","E:\_src\C_Lang\knowledge\08_Zig_C_Connection\05_Migration_Methodology\01_Incremental_Migration_Patterns.md","132","135165"
"02_Safety_Improvement_Metrics.md","E:\_src\C_Lang\knowledge\08_Zig_C_Connection\05_Migration_Methodology\02_Safety_Improvement_Metrics.md","26.34","26972"
"03_Performance_Comparison_Framework.md","E:\_src\C_Lang\knowledge\08_Zig_C_Connection\05_Migration_Methodology\03_Performance_Comparison_Framework.md","21.27","21776"
"README.md","E:\_src\C_Lang\knowledge\08_Zig_C_Connection\05_Migration_Methodology\README.md","18.76","19215"
"01_Nullptr_vs_Optional_Pointer.md","E:\_src\C_Lang\knowledge\08_Zig_C_Connection\06_C23_Zig_Parallel\01_Nullptr_vs_Optional_Pointer.md","99.92","102314"
"02_Constexpr_vs_Comptime.md","E:\_src\C_Lang\knowledge\08_Zig_C_Connection\06_C23_Zig_Parallel\02_Constexpr_vs_Comptime.md","139.5","142851"
"03_Typeof_vs_TypeOf.md","E:\_src\C_Lang\knowledge\08_Zig_C_Connection\06_C23_Zig_Parallel\03_Typeof_vs_TypeOf.md","126.42","129452"
"README.md","E:\_src\C_Lang\knowledge\08_Zig_C_Connection\06_C23_Zig_Parallel\README.md","11.07","11336"
"01_Redis_Data_Structure_Migration.md","E:\_src\C_Lang\knowledge\08_Zig_C_Connection\07_Real_World_Migration_Cases\01_Redis_Data_Structure_Migration.md","25.94","26567"
"02_SQLite_BTree_Migration.md","E:\_src\C_Lang\knowledge\08_Zig_C_Connection\07_Real_World_Migration_Cases\02_SQLite_BTree_Migration.md","21.38","21892"
"README.md","E:\_src\C_Lang\knowledge\08_Zig_C_Connection\07_Real_World_Migration_Cases\README.md","6.85","7011"
"README.md","E:\_src\C_Lang\knowledge\09_Data_Structures_Algorithms\README.md","6.72","6877"
"01_Linked_List_Complete_Guide.md","E:\_src\C_Lang\knowledge\09_Data_Structures_Algorithms\01_Fundamental_Data_Structures\01_Linked_List_Complete_Guide.md","47.28","48417"
"02_Stack_Queue_Complete.md","E:\_src\C_Lang\knowledge\09_Data_Structures_Algorithms\01_Fundamental_Data_Structures\02_Stack_Queue_Complete.md","49.3","50488"
"03_Hash_Table_Implementation.md","E:\_src\C_Lang\knowledge\09_Data_Structures_Algorithms\01_Fundamental_Data_Structures\03_Hash_Table_Implementation.md","37.1","37995"
"04_Binary_Tree_Fundamentals.md","E:\_src\C_Lang\knowledge\09_Data_Structures_Algorithms\01_Fundamental_Data_Structures\04_Binary_Tree_Fundamentals.md","36.84","37723"
"05_Heap_Priority_Queue.md","E:\_src\C_Lang\knowledge\09_Data_Structures_Algorithms\01_Fundamental_Data_Structures\05_Heap_Priority_Queue.md","40.55","41527"
"README.md","E:\_src\C_Lang\knowledge\09_Data_Structures_Algorithms\01_Fundamental_Data_Structures\README.md","2.58","2641"
"01_Sorting_Algorithms_Complete.md","E:\_src\C_Lang\knowledge\09_Data_Structures_Algorithms\02_Fundamental_Algorithms\01_Sorting_Algorithms_Complete.md","65.53","67101"
"02_Searching_Algorithms.md","E:\_src\C_Lang\knowledge\09_Data_Structures_Algorithms\02_Fundamental_Algorithms\02_Searching_Algorithms.md","38.94","39872"
"03_Graph_Algorithms_Fundamentals.md","E:\_src\C_Lang\knowledge\09_Data_Structures_Algorithms\02_Fundamental_Algorithms\03_Graph_Algorithms_Fundamentals.md","45.95","47054"
"04_Dynamic_Programming_Basics.md","E:\_src\C_Lang\knowledge\09_Data_Structures_Algorithms\02_Fundamental_Algorithms\04_Dynamic_Programming_Basics.md","37.23","38124"
"05_Greedy_Algorithms_Backtracking.md","E:\_src\C_Lang\knowledge\09_Data_Structures_Algorithms\02_Fundamental_Algorithms\05_Greedy_Algorithms_Backtracking.md","33.76","34568"
"README.md","E:\_src\C_Lang\knowledge\09_Data_Structures_Algorithms\02_Fundamental_Algorithms\README.md","3.56","3643"
"01_WebAssembly_Introduction_C.md","E:\_src\C_Lang\knowledge\10_WebAssembly_C\01_WebAssembly_Introduction_C.md","105.8","108341"
"02_Emscripten_Advanced_Usage.md","E:\_src\C_Lang\knowledge\10_WebAssembly_C\02_Emscripten_Advanced_Usage.md","88.92","91049"
"03_WASM_Modules_Memory_Management.md","E:\_src\C_Lang\knowledge\10_WebAssembly_C\03_WASM_Modules_Memory_Management.md","74.17","75951"
"04_WASM_Performance_Optimization.md","E:\_src\C_Lang\knowledge\10_WebAssembly_C\04_WASM_Performance_Optimization.md","59.38","60800"
"README.md","E:\_src\C_Lang\knowledge\10_WebAssembly_C\README.md","5.62","5759"
"01_Neural_Network_Basics.md","E:\_src\C_Lang\knowledge\11_Machine_Learning_C\01_Neural_Network_Basics.md","12.19","12483"
"02_Matrix_Operations_BLAS.md","E:\_src\C_Lang\knowledge\11_Machine_Learning_C\02_Matrix_Operations_BLAS.md","9.83","10064"
"03_Gradient_Descent_Optimizers.md","E:\_src\C_Lang\knowledge\11_Machine_Learning_C\03_Gradient_Descent_Optimizers.md","10.38","10632"
"04_CNN_Fundamentals.md","E:\_src\C_Lang\knowledge\11_Machine_Learning_C\04_CNN_Fundamentals.md","14.78","15137"
"05_RNN_LSTM_Basics.md","E:\_src\C_Lang\knowledge\11_Machine_Learning_C\05_RNN_LSTM_Basics.md","13.11","13426"
"06_ONNX_Runtime_C.md","E:\_src\C_Lang\knowledge\11_Machine_Learning_C\06_ONNX_Runtime_C.md","12.41","12708"
"07_llama_cpp_Deployment.md","E:\_src\C_Lang\knowledge\11_Machine_Learning_C\07_llama_cpp_Deployment.md","19.6","20068"
"README.md","E:\_src\C_Lang\knowledge\11_Machine_Learning_C\README.md","3.64","3726"
"01_Basic_Exercises.md","E:\_src\C_Lang\knowledge\12_Practice_Exercises\01_Basic_Exercises.md","6.47","6629"
"02_Pointer_Exercises.md","E:\_src\C_Lang\knowledge\12_Practice_Exercises\02_Pointer_Exercises.md","7.96","8150"
"03_Data_Structure_Projects.md","E:\_src\C_Lang\knowledge\12_Practice_Exercises\03_Data_Structure_Projects.md","8.88","9093"
"04_System_Programming_Labs.md","E:\_src\C_Lang\knowledge\12_Practice_Exercises\04_System_Programming_Labs.md","9.59","9821"
"05_Embedded_Challenges.md","E:\_src\C_Lang\knowledge\12_Practice_Exercises\05_Embedded_Challenges.md","10.46","10711"
"06_Performance_Optimization.md","E:\_src\C_Lang\knowledge\12_Practice_Exercises\06_Performance_Optimization.md","10.37","10614"
"07_Algorithm_Challenges.md","E:\_src\C_Lang\knowledge\12_Practice_Exercises\07_Algorithm_Challenges.md","7.9","8092"
"08_Concurrency_Parallelism_Labs.md","E:\_src\C_Lang\knowledge\12_Practice_Exercises\08_Concurrency_Parallelism_Labs.md","7.38","7552"
"09_Security_Coding.md","E:\_src\C_Lang\knowledge\12_Practice_Exercises\09_Security_Coding.md","9.69","9926"
"10_Debugging_Puzzles.md","E:\_src\C_Lang\knowledge\12_Practice_Exercises\10_Debugging_Puzzles.md","10.79","11052"
"11_Zig_C_Migration_Projects.md","E:\_src\C_Lang\knowledge\12_Practice_Exercises\11_Zig_C_Migration_Projects.md","10.5","10754"
"12_Mini_Projects.md","E:\_src\C_Lang\knowledge\12_Practice_Exercises\12_Mini_Projects.md","8.25","8445"
"README.md","E:\_src\C_Lang\knowledge\12_Practice_Exercises\README.md","9.35","9579"
"kb-article-template.md","E:\_src\C_Lang\knowledge\templates\kb-article-template.md","9.5","9727"
"README.md","E:\_src\C_Lang\knowledge\templates\README.md","11.47","11744"
"README.md","E:\_src\C_Lang\knowledge\Zig\README.md","50.16","51363"
"ZIG_100_PERCENT_COMPLETE_FINAL.md","E:\_src\C_Lang\knowledge\Zig\ZIG_100_PERCENT_COMPLETE_FINAL.md","6.89","7056"
"ZIG_100_PERCENT_REPORT.md","E:\_src\C_Lang\knowledge\Zig\ZIG_100_PERCENT_REPORT.md","5.91","6050"
"Zig_Build_System.md","E:\_src\C_Lang\knowledge\Zig\Zig_Build_System.md","21.53","22051"
"Zig_Compiler_Internals.md","E:\_src\C_Lang\knowledge\Zig\Zig_Compiler_Internals.md","4.69","4807"
"Zig_Complete_Guide.md","E:\_src\C_Lang\knowledge\Zig\Zig_Complete_Guide.md","48.18","49332"
"Zig_Concurrency_Async.md","E:\_src\C_Lang\knowledge\Zig\Zig_Concurrency_Async.md","25.47","26082"
"Zig_C_Interoperability.md","E:\_src\C_Lang\knowledge\Zig\Zig_C_Interoperability.md","31.54","32296"
"Zig_Database_Advanced.md","E:\_src\C_Lang\knowledge\Zig\Zig_Database_Advanced.md","27.49","28146"
"Zig_Design_Patterns.md","E:\_src\C_Lang\knowledge\Zig\Zig_Design_Patterns.md","11.12","11392"
"Zig_Distributed_Systems.md","E:\_src\C_Lang\knowledge\Zig\Zig_Distributed_Systems.md","24.07","24650"
"Zig_Embedded_Systems.md","E:\_src\C_Lang\knowledge\Zig\Zig_Embedded_Systems.md","24.4","24982"
"ZIG_FINAL_100_PERCENT_REPORT.md","E:\_src\C_Lang\knowledge\Zig\ZIG_FINAL_100_PERCENT_REPORT.md","9.26","9479"
"Zig_Formal_Semantics.md","E:\_src\C_Lang\knowledge\Zig\Zig_Formal_Semantics.md","43.54","44586"
"Zig_Game_Development.md","E:\_src\C_Lang\knowledge\Zig\Zig_Game_Development.md","31.86","32624"
"Zig_GUI_Development.md","E:\_src\C_Lang\knowledge\Zig\Zig_GUI_Development.md","25.93","26550"
"Zig_Industrial_Cases.md","E:\_src\C_Lang\knowledge\Zig\Zig_Industrial_Cases.md","31.85","32616"
"ZIG_KNOWLEDGE_BASE_ANALYSIS_REPORT.md","E:\_src\C_Lang\knowledge\Zig\ZIG_KNOWLEDGE_BASE_ANALYSIS_REPORT.md","4.86","4975"
"ZIG_KNOWLEDGE_BASE_STATUS.md","E:\_src\C_Lang\knowledge\Zig\ZIG_KNOWLEDGE_BASE_STATUS.md","6.06","6208"
"Zig_Learning_Paths.md","E:\_src\C_Lang\knowledge\Zig\Zig_Learning_Paths.md","22.81","23358"
"Zig_Machine_Learning.md","E:\_src\C_Lang\knowledge\Zig\Zig_Machine_Learning.md","21.35","21862"
"Zig_Master_Guide.md","E:\_src\C_Lang\knowledge\Zig\Zig_Master_Guide.md","9.25","9471"
"Zig_Network_Programming.md","E:\_src\C_Lang\knowledge\Zig\Zig_Network_Programming.md","12.97","13279"
"Zig_OS_Development.md","E:\_src\C_Lang\knowledge\Zig\Zig_OS_Development.md","29.05","29746"
"Zig_Package_Ecosystem.md","E:\_src\C_Lang\knowledge\Zig\Zig_Package_Ecosystem.md","20.64","21140"
"Zig_Performance_Optimization.md","E:\_src\C_Lang\knowledge\Zig\Zig_Performance_Optimization.md","21","21500"
"Zig_Python_Binding.md","E:\_src\C_Lang\knowledge\Zig\Zig_Python_Binding.md","20.56","21057"
"Zig_Security_Cryptography.md","E:\_src\C_Lang\knowledge\Zig\Zig_Security_Cryptography.md","21.8","22321"
"Zig_Standard_Library_Deep_Dive.md","E:\_src\C_Lang\knowledge\Zig\Zig_Standard_Library_Deep_Dive.md","40.3","41272"
"Zig_Testing_Debugging.md","E:\_src\C_Lang\knowledge\Zig\Zig_Testing_Debugging.md","16.21","16596"
"Zig_WebAssembly.md","E:\_src\C_Lang\knowledge\Zig\Zig_WebAssembly.md","15.86","16241"
"README.md","E:\_src\C_Lang\knowledge\Zig\2026_latest\README.md","12.59","12895"
"Zig_2026_Roadmap.md","E:\_src\C_Lang\knowledge\Zig\2026_latest\Zig_2026_Roadmap.md","21.67","22191"
"Learning_Path_Decision_Tree.md","E:\_src\C_Lang\knowledge\Zig\decision_trees\Learning_Path_Decision_Tree.md","18.84","19293"
"README.md","E:\_src\C_Lang\knowledge\Zig\decision_trees\README.md","14.03","14367"
"Core_Concepts_Definitions.md","E:\_src\C_Lang\knowledge\Zig\formal_models\Core_Concepts_Definitions.md","8.72","8934"
"README.md","E:\_src\C_Lang\knowledge\Zig\formal_models\README.md","19.82","20292"
"Language_Comparison_Matrix.md","E:\_src\C_Lang\knowledge\Zig\matrices\Language_Comparison_Matrix.md","17.01","17419"
"README.md","E:\_src\C_Lang\knowledge\Zig\matrices\README.md","13.33","13649"
"README.md","E:\_src\C_Lang\knowledge\Zig\visualizations\README.md","30.87","31613"
"Zig_Knowledge_MindMap.md","E:\_src\C_Lang\knowledge\Zig\visualizations\Zig_Knowledge_MindMap.md","11.9","12183"
